timestamp,name,creator,trx_id
2025-07-23T10:52:06.500,aa1aa2cb3lr4,ultra.eosio,eb5e3353a59091978e41685178abecbf1be0f170baeebf1f2869c96de5ef2655
2025-07-23T10:48:56.500,aa1aa2cb3lq4,ultra.eosio,ea045ba86793a65914b2cc0cc88e4047960961a1de647dd29459e0c84b7867be
2025-07-23T10:34:35.000,aa1aa2cb3lp4,ultra.eosio,60dd68ee99544642811aa19a51d62e27beb730e4e52863eb43f04da71c2b5c14
2025-07-23T10:32:38.500,aa1aa2cb3lo4,ultra.eosio,ec938cbd74fad07c7a91a59151cdd403b5d4d775554b3f03130810cdaea764ba
2025-07-23T10:08:11.500,aa1aa2cb3ln4,ultra.eosio,d0e0eb836726d3016e52e69db19411ae6aecd8809a8da08afc558cb46917ce95
2025-07-23T10:05:09.000,aa1aa2cb3lm4,ultra.eosio,7158b6ec0f057ec2832e9f69ef128011ee5f627be18213719b6ca5c1715c76a7
2025-07-23T10:02:19.500,aa1aa2cb3ll4,ultra.eosio,a500bb2e66fc753f18ef7efa07b77abc6c87671ee67f23c7c30310fb47444968
2025-07-23T10:01:17.000,aa1aa2cb3lk4,ultra.eosio,1ba10912d1d0288920ded7a8ba41418da18f13894a94bdd6b7dfac751e29f706
2025-07-23T10:00:29.000,aa1aa2cb3lj4,ultra.eosio,c137903d1e6e05316142d2489efc041707ed04843311170099db8d50e4a34152
2025-07-23T09:58:22.500,aa1aa2cb3li4,ultra.eosio,bac82d3d18bf8a28493b3e0ce7573f65e95ff6f2128ece40f0d2cc32c1b6769a
2025-07-23T09:36:19.500,aa1aa2cb3lh4,ultra.eosio,bd89d51f255f10f87c7888ade1ca38340dae840e733d79e48e13d95ed003d3e9
2025-07-23T09:33:01.000,aa1aa2cb3lg4,ultra.eosio,bcf7160354da9817fc9604709749884375eee8275656bbfeabb024ce3ca1236c
2025-07-23T09:29:50.500,aa1aa2cb3lf4,ultra.eosio,abccd766a39b0598f514fda2fd22e74dea000be34e6d3655f0d6ef23c55b0998
2025-07-23T09:25:06.000,aa1aa2cb3le4,ultra.eosio,24de0bed93e8945cddd19419a09cc0e28372571c9450f65d47ba1cb87a71e496
2025-07-23T09:08:06.000,aa1aa2cb3ld4,ultra.eosio,4ac9a3c89927935dfd96b51a00cc19f117f3f51069a7ea8e379e6c667792cf4c
2025-07-23T09:07:35.500,aa1aa2cb3lc4,ultra.eosio,026748ccf8d23fb11fcd26184918d1450d0a6aa8d8bcb6de28b9b3e662f7caa5
2025-07-23T08:45:22.500,aa1aa2cb3lb4,ultra.eosio,579d4fae29e63b29230fd203ec6b6359b9cbe82a0c990fa1dab1fe756eb11e3e
2025-07-23T08:42:13.500,aa1aa2cb3la4,ultra.eosio,84024f94ebd5002a5e54705756810635c959d87f5c8c01e0478686d02e4a9057
2025-07-23T08:33:18.500,aa1aa2cb3kz4,ultra.eosio,d0a83d98ae24a3be20318a81992665c122bc22fc95a6c7929c792feb40eeb489
2025-07-23T08:30:48.000,aa1aa2cb3ky4,ultra.eosio,33f6a800f2ed6b305cd1dd253f6501f93d84f2b1e2cb5c682e758ba57d39997d
2025-07-23T08:27:55.000,aa1aa2cb3kx4,ultra.eosio,3a39ff3bf71a0e01c44d3e5c04ee54a1bc25d23fb9f95fb5fad302aa1bb1ac77
2025-07-23T08:10:58.500,aa1aa2cb3kw4,ultra.eosio,629b5fc7135abd615a077f93a0696bcc25297b54322aa68acb05b290f66576ed
2025-07-23T08:03:06.500,aa1aa2cb3kv4,ultra.eosio,19847ab277bab490cf1f38f96f0e082129d5b6f324a1a0408f74e9d058f646d1
2025-07-23T07:59:51.000,aa1aa2cb3ku4,ultra.eosio,fe490b9c37c27083d36bfd8b5d6450720d9329d20f0ddfc23b9d641507c5d73e
2025-07-23T07:55:00.000,aa1aa2cb3kt4,ultra.eosio,6b6e93595b815f79f6d3da69b4e86ac2fad7564950058a019a4f1f741223f790
2025-07-23T07:54:27.000,aa1aa2cb3ks4,ultra.eosio,70ad1bf0934f2a6f875e2f3eab77bf9199e308334c891abc5da4fd4f5ed0b121
2025-07-23T07:45:43.000,aa1aa2cb3kr4,ultra.eosio,82e8567b71a475229b4294a2b6e4f6ef8fdf3af15476ce4998b263b64aac00ee
2025-07-23T07:42:20.000,aa1aa2cb3kq4,ultra.eosio,537b1e1f15b717187420bd6cb8053d92bb8e9fbc6ad98942ea051ba3c1632681
2025-07-23T07:27:32.000,aa1aa2cb3kp4,ultra.eosio,d53aa2c339a5887fbed8c991a3ea773a9b1a60b50fba2c452f60105e75398759
2025-07-23T07:16:52.500,aa1aa2cb3ko4,ultra.eosio,6ae14f2ebc0bc16ccba76ea45996193f8a9ac56f5ee66f839e0d6e086e7fba3f
2025-07-23T07:16:07.000,aa1aa2cb3kn4,ultra.eosio,f9d8bb230ff90dd50909ff50a727f70950ee7c1a53e86e0888e623c2680eee7f
2025-07-23T07:03:54.000,aa1aa2cb3km4,ultra.eosio,489e92ae6b8bc7e9abd7c95b744177d18b3e5b40d8069bcd6882131e948f8400
2025-07-23T06:57:00.000,aa1aa2cb3kl4,ultra.eosio,9971a3f39e14ab02df15d91cae4b9e5f8605f39c1898cd70daa73214f1a74212
2025-07-23T06:41:26.000,aa1aa2cb3kk4,ultra.eosio,9c51399834962adf06598dae1e412638e7049283db72a2af2e534773765f672c
2025-07-23T06:25:35.500,aa1aa2cb3kj4,ultra.eosio,0d89a237e19b391965f7fd9f1c66363dbc762089a6a3a5bd452d871764a88bb0
2025-07-23T06:13:50.000,aa1aa2cb3ki4,ultra.eosio,46eb8c3cde6c4d5c66d8ce0effc4491b8cccdd948180c9ece289eeca0ab9a713
2025-07-23T06:13:18.000,aa1aa2cb3kh4,ultra.eosio,3b515f263d00c7f979adc4b4b4152704ff23bd49be308b4787d03875c45e13b8
2025-07-23T05:49:45.500,aa1aa2cb3kg4,ultra.eosio,cd41ac216e2263082c5e86658642f076b71e2436156fe307289da4a16330b058
2025-07-23T05:48:27.000,aa1aa2cb3kf4,ultra.eosio,00b7fa5e467fafed73f6e77753bb0af1826d00d62c28db5b2de2865f0d526917
2025-07-23T05:45:53.500,aa1aa2cb3ke4,ultra.eosio,e03da333d01ce09b11c9d446c7db43998322fcc15055003fb299a834545e8fc3
2025-07-23T05:44:06.000,aa1aa2cb3kd4,ultra.eosio,e92ce1975c13fb62d591acf00e25c93302a5d6e0e664c5940e314a2a9b2d8afd
2025-07-23T05:40:39.000,aa1aa2cb3kc4,ultra.eosio,615bbdfe2b31c5e78f426a16f15ac0419ab926b2d922a70f22ed183ef2a98961
2025-07-23T05:35:40.000,aa1aa2cb3kb4,ultra.eosio,74114ef90c40cdc9e2a632e1f8b559efcbf31080f36e599751162a62871aefb5
2025-07-23T05:30:14.500,aa1aa2cb3ka4,ultra.eosio,1acfe32e6ba209815150010452276c24f5b212b8f81e2c866db8317f1043866c
2025-07-23T05:29:00.500,aa1aa2cb3jz4,ultra.eosio,7e7f7820b10673dba6b71fbeb27a82e1db6bfcc0005ff59d6d05554054f0bc01
2025-07-23T05:07:47.000,aa1aa2cb3jy4,ultra.eosio,d2491e203046c53c0ab767c7e268ccd7640dfbe37a5d58ad5a49d8d1aa48fb6d
2025-07-23T05:06:26.000,aa1aa2cb3jx4,ultra.eosio,b1aa9dd947d589420fbc2e53f6eba438c6503c12ea81b0466a0219d6ed871d0c
2025-07-23T04:57:34.000,aa1aa2cb3jw4,ultra.eosio,d4e1adb09ab726c7abd4b4e7ba7bc8f0cf6685c16334cef206708ca40746365a
2025-07-23T04:31:42.000,aa1aa2cb3jv4,ultra.eosio,16af2558f4fb493dfab79052758436abb7a8733f16ab69ba0b275c42590bf873
2025-07-23T04:31:19.000,aa1aa2cb3ju4,ultra.eosio,1237a9971c6710b0f4db5816afd256ded3de4fe8a520ddca44d14ff361e6b26f
2025-07-23T04:18:34.500,aa1aa2cb3jt4,ultra.eosio,8f3bd4a291ecf198a7c717a3885e0c71eb1a24863733a947c095e336a6460206
2025-07-23T04:08:47.000,aa1aa2cb3js4,ultra.eosio,9744e84a8df27fb0815f3ee2199d9fe8a73d4fe90f0397db35bbdeee185a9257
2025-07-23T04:02:00.000,aa1aa2cb3jr4,ultra.eosio,9c9395e95bfd08bc7b50450dc23116e45e17c4160ca58854aabbea6e3bc32e14
2025-07-23T03:58:37.000,aa1aa2cb3jq4,ultra.eosio,d1f4675cb3278038da384fca509b5bc4d900b8b26dc379ccfc7ef07f5d2a159e
2025-07-23T03:52:28.500,aa1aa2cb3jp4,ultra.eosio,a69fde35d191d11366cfd8982a9701e61ead9c58139d3ad9e8e523be29d8f71a
2025-07-23T03:37:21.500,aa1aa2cb3jo4,ultra.eosio,40dd42d9984e95aaa8023a96e145cf73fd3b3a1b98ed97cc325c10e895aabb38
2025-07-23T03:20:38.000,aa1aa2cb3jn4,ultra.eosio,2755523062be72187fb92456dd0fe6d57428189d031ac90a79075b90ea29d1c9
2025-07-23T03:12:29.500,aa1aa2cb3jm4,ultra.eosio,ec7948a0cf2664f57ee2fc378e37eac4d37a7dd85c6e8bddc853103d30b5ef08
2025-07-23T03:06:43.000,aa1aa2cb3jl4,ultra.eosio,c54300338cd25dcf19ee3d0d808e0e31ff45af7915017250284f99ad49d71e47
2025-07-23T03:05:48.500,aa1aa2cb3jk4,ultra.eosio,fdd0e4aa5c924a85df893b0e091f015cbb114f53d442db4ad13aa22e41c57d3e
2025-07-23T02:54:29.000,aa1aa2cb3jj4,ultra.eosio,7c172515318203d3de18af601cc41c90dbc2ab5db6b9864e28f495823708cdb0
2025-07-23T02:43:46.500,aa1aa2cb3ji4,ultra.eosio,78d48ec4d22f258c77175b0aaa0b870df4aa252b44ddad92279b59e8a4f357e3
2025-07-23T02:43:01.000,aa1aa2cb3jh4,ultra.eosio,3963b481882021db21b82ca67bb157f976c4eefafc027b99ea49ffebfe78257e
2025-07-23T02:15:17.000,aa1aa2cb3jg4,ultra.eosio,b19d0aec21bd1c2540bc941a10a0ac5e11437d7e64b279cde69d9b8df4720f72
2025-07-23T02:11:57.500,aa1aa2cb3jf4,ultra.eosio,a53afb2a0272de256f9735f0429662644c5665c15e4ba9f1883cae2c72723e28
2025-07-23T02:02:24.000,aa1aa2cb3je4,ultra.eosio,0db2da61331291b27e8e55bce53ae56a4e2ee6cc560757c6c390ec3cf55b1a02
2025-07-23T01:56:46.000,aa1aa2cb3jd4,ultra.eosio,0aaf094d6eee7a54b8e6dd22a0546f9b250d08f38d4aaba656b3a220ddf2068a
2025-07-23T01:54:05.500,aa1aa2cb3jc4,ultra.eosio,b4a7b22477f4e43f56a11304f664bd5f21b35e1a6a2c741a5628415165317773
2025-07-23T01:50:51.000,aa1aa2cb3jb4,ultra.eosio,7a710b688a4f1dc32ee3f95b38ab9ccfe51b65083b68d85aaf7e3b3e5b5bc0be
2025-07-23T01:50:03.500,aa1aa2cb3ja4,ultra.eosio,bc9207ee4a5b26fb3d6c23892b2662c430616597dbd6b8453c36f249c13ef384
2025-07-23T01:40:22.000,aa1aa2cb3iz4,ultra.eosio,aa3c0b082e8d09faed85ed6af1a2b23e1317819dcee39ec218e952b2b7fe9b15
2025-07-23T01:30:16.000,aa1aa2cb3iy4,ultra.eosio,da50d9f480390561755300c47fadafe6f0890a18450c261c5abc38f12155cb3d
2025-07-23T01:27:24.500,aa1aa2cb3ix4,ultra.eosio,8f7d7ce12c597642282a78fd547016861a12d0192614543bdc1e590a50c74bc1
2025-07-23T01:02:43.500,aa1aa2cb3iw4,ultra.eosio,31ca75a86e93bdb4d23d53694ea063c30fe179f8d32006f9b438055130e100d2
2025-07-23T00:57:53.500,aa1aa2cb3iv4,ultra.eosio,53d98ff34f5ba5cdd14b589baf6f35bb87d0771d47b4411d2f9686c273b8a3fd
2025-07-23T00:54:10.000,aa1aa2cb3iu4,ultra.eosio,3465996e77ff9894eb22339cec48afe187a84bd09eb9fcee8959d3964b308e14
2025-07-23T00:50:31.000,aa1aa2cb3it4,ultra.eosio,6dd084b0c48593607df4a6c913f3b941e25a7fd3a8cc8801b9d306ba26576354
2025-07-23T00:34:02.000,aa1aa2cb3is4,ultra.eosio,6e787ee40f7a8287f7d80bb148e04045cc99b58845e541ce1df17d8020f80dac
2025-07-23T00:26:12.000,aa1aa2cb3ir4,ultra.eosio,00bc4acbc166e792f91de14843474d803d86eb194b65e3e9b8ce564f22c80ee1
2025-07-23T00:10:19.500,aa1aa2cb3iq4,ultra.eosio,8509f76b82c6e6b850bcd65dbd97694f92838c3f4f78165b78302f4b58fba418
2025-07-23T00:00:36.500,aa1aa2cb3ip4,ultra.eosio,904190b91c23ed371c70f4cd375ad56af3e292064773e55723c7b795bb76e3ee
