account,timestamp,label,category
eosio,2021-05-26T23:37:07.000,,
eosio.token,2021-05-26T23:37:08.500,,
eosio.kyc,2021-05-26T23:37:09.500,,
eosio.msig,2021-05-26T23:37:09.500,,
eosio.wrap,2021-05-26T23:37:10.000,,
eosio.eba,2021-05-26T23:37:10.000,,
eosio.oracle,2021-05-26T23:37:11.500,,
eosio.nft.ft,2021-05-26T23:37:12.000,,
oracletest12,2021-05-31T14:09:08.500,,
ptokenstest1,2021-06-04T15:20:36.000,,
ultra.swap,2021-06-10T10:42:53.500,,
ultra.tools,2021-09-15T14:23:39.500,,
1aa2aa3aa4ai,2022-04-07T12:13:13.500,,
ultra.fctmgr,2022-05-04T10:51:30.000,,
ultra.discrd,2022-06-28T16:04:42.500,,
ultra.avatar,2022-09-05T14:56:23.500,,
1aa2aa3aa4bx,2022-11-09T19:54:30.500,,
1aa2aa3aa4dl,2023-04-13T16:18:40.000,,
1aa2aa3aa4ea,2023-05-09T14:31:36.000,,
1aa2aa3aa4eb,2023-05-10T10:04:00.000,,
agora.sepol,2023-05-25T07:52:41.000,,
agora.token,2023-05-25T07:56:16.500,,
1aa2aa3aa4fh,2023-07-11T17:29:25.500,,
agora.dex,2023-07-18T10:55:52.500,,
1aa2aa3aa4fn,2023-07-22T09:06:11.500,,
rate.delay,2023-07-31T18:21:46.500,,
1aa2aa3aa4gn,2023-08-15T10:48:47.000,,
rate.alice,2023-08-21T12:49:28.000,,
1aa2aa3aa4hb,2023-09-11T15:17:26.500,,
1aa2aa3aa4gv,2023-10-31T11:29:45.000,,
eosio.group,2023-11-01T07:36:42.500,,
ultra.cntmgr,2023-11-01T11:40:22.000,,
1aa2aa3aa4jd,2024-04-11T09:23:01.000,,
1aa2aa3aa4je,2024-04-11T09:28:55.500,,
1aa2aa3aa4ik,2024-04-11T12:37:48.500,,
1aa2aa3aa4ju,2024-05-02T12:16:43.500,,
1aa2aa3aa4jt,2024-05-02T12:26:22.000,,
1aa2aa3aa4jw,2024-05-02T12:36:18.500,,
1aa2aa3aa4jx,2024-05-02T12:37:07.000,,
1aa2aa3aa4kb,2024-05-03T00:26:11.000,,
1aa2aa3aa4kh,2024-05-10T22:58:52.000,,
1aa2aa3aa4in,2024-06-25T21:57:05.000,,
1aa2aa3aa4it,2024-07-01T19:25:28.000,,
1aa2aa3aa4em,2024-07-26T13:48:15.000,,
1aa2aa3aa4ms,2024-07-28T15:24:31.500,,
1aa2aa3aa4mu,2024-07-28T19:48:46.000,,
1aa2aa3aa4nh,2024-09-02T15:23:31.000,,
1aa2aa3aa4iq,2024-09-07T21:52:06.000,,
ultra.claim,2024-10-01T04:26:47.000,,
1aa2aa3aa4nd,2024-10-15T14:40:57.000,,
1aa2aa3aa4no,2024-10-16T15:34:15.000,,
ultra.rgrab,2024-10-31T09:14:56.500,,
1aa2aa3aa4nu,2024-11-07T03:39:41.500,,
eosio.evm,2024-11-25T11:46:57.500,,
eosio.evmin,2024-11-25T11:47:16.500,,
1aa2aa3aa4nz,2024-11-28T04:14:57.500,,
1aa2aa3aa4kz,2024-12-12T13:46:19.000,,
1aa2aa3aa4ol,2024-12-31T11:25:16.000,,
1aa2aa3aa4on,2025-01-12T23:20:50.500,,
ultra.prop3,2025-01-24T06:23:17.500,,
ultra.stake,2025-01-24T14:03:50.000,,
ultra.rng,2025-02-05T04:00:15.000,,
1aa2aa3aa4ph,2025-02-18T07:30:26.000,,
1aa2aa3aa4pj,2025-02-23T16:40:03.000,,
1aa2aa3aa4pl,2025-02-23T18:49:15.500,,
1aa2aa3aa4pn,2025-02-25T01:09:58.500,,
1aa2aa3aa4pm,2025-02-27T21:50:33.500,,
1aa2aa3aa4pr,2025-02-28T14:00:33.500,,
aom.constrct,2025-03-06T13:53:42.000,,
aom.mining,2025-03-06T13:54:20.500,,
aom.processi,2025-03-06T13:54:40.000,,
aom.coins,2025-03-12T01:17:42.000,,
1aa2aa3aa4or,2025-03-24T12:05:11.500,,
1aa2aa3aa4qn,2025-03-27T16:46:15.500,,
1aa2aa3aa4qp,2025-03-27T20:05:59.500,,
1aa2aa3aa4qv,2025-04-19T10:47:02.500,,
1aa2aa3aa4qt,2025-04-22T11:34:15.000,,
1aa2aa3aa4rd,2025-04-24T17:07:44.000,,
1aa2aa3aa4rj,2025-04-25T09:08:33.000,,
1aa2aa3aa4rg,2025-04-25T11:17:43.500,,
1aa2aa3aa4rp,2025-04-27T12:05:20.000,,
1aa2aa3aa4rt,2025-04-28T17:16:42.000,,
1aa2aa3aa4rx,2025-04-29T11:02:31.000,,
ultra.unqstk,2025-04-30T14:00:09.000,,
1aa2aa3aa4pa,2025-05-11T18:03:19.500,,
ultra.bridge,2025-05-20T08:39:33.000,,
1aa2aa3aa4ov,2025-06-03T12:16:05.000,,
mh.game,2025-06-11T14:14:47.500,,
mh.uniqs,2025-06-27T13:14:56.500,,
aom.buy,2025-07-02T15:30:06.000,,
1aa2aa3aa4te,2025-07-12T11:03:12.000,,
mh.shares,2025-07-20T13:37:54.000,,
1aa2aa3aa4ti,2025-07-21T11:59:43.000,,
1aa2aa3aa4tm,2025-07-22T16:48:02.500,,
1aa2aa3aa4to,2025-07-22T20:29:20.500,,
