account,timestamp,label,category,date
eosio,2021-06-18T16:47:22.500,,,2021-06-18
eosio.token,2021-06-18T16:47:24.000,Token Contract,infra,2021-06-18
eosio.kyc,2021-06-18T16:47:24.500,KYC Contract,infra,2021-06-18
eosio.msig,2021-06-18T16:47:24.500,Multi-Sig,infra,2021-06-18
eosio.wrap,2021-06-18T16:47:24.500,Wrap,infra,2021-06-18
eosio.eba,2021-06-18T16:47:24.500,,,2021-06-18
eosio.oracle,2021-06-18T16:47:25.500,Oracle,infra,2021-06-18
eosio.nft.ft,2021-06-18T16:47:26.000,NFT FT Layer,infra,2021-06-18
ultra.swap,2021-07-16T09:07:35.000,,,2021-07-16
uos1ptokens1,2021-07-16T09:12:33.500,,,2021-07-16
ultra.tools,2021-09-20T11:31:20.000,Ultra Tools,infra,2021-09-20
ultra.prop1,2021-10-05T14:28:54.000,,,2021-10-05
ultra.discrd,2022-07-04T12:51:28.000,Discord Bot,infra,2022-07-04
ultra.avatar,2022-09-06T09:54:03.500,Avatar System,infra,2022-09-06
uosswedenorg,2023-01-25T13:35:24.500,,,2023-01-25
1aa2aa3aa4df,2023-08-14T16:25:22.000,,,2023-08-14
1aa2aa3aa4ac,2023-09-27T13:20:50.000,,,2023-09-27
ultra.cntmgr,2023-11-03T11:00:35.500,Content Manager,infra,2023-11-03
eosio.group,2023-11-08T08:32:49.500,,,2023-11-08
borg.ptokens,2024-04-22T09:28:27.500,,,2024-04-22
usdt.ptokens,2024-04-22T14:44:41.500,,,2024-04-22
eth.ptokens,2024-04-22T14:53:25.500,,,2024-04-22
aga.ptokens,2024-04-22T15:55:07.500,,,2024-04-22
1aa2aa3aa4da,2024-04-30T06:31:09.500,,,2024-04-30
agora.dex,2024-08-04T13:06:36.000,Agora DEX,marketplace,2024-08-04
ultra.claim,2024-10-03T15:11:54.500,Claim Contract,infra,2024-10-03
ultra.rgrab,2024-12-04T14:12:52.500,Referral Grab,infra,2024-12-04
book.alcor,2024-12-17T08:15:52.000,,,2024-12-17
swap.alcor,2024-12-17T09:39:50.500,,,2024-12-17
eosio.evm,2025-01-23T10:02:05.500,,,2025-01-23
eosio.evmin,2025-01-23T10:02:15.000,,,2025-01-23
ultra.prop3,2025-01-24T06:24:14.500,,,2025-01-24
otc.alcor,2025-02-01T17:27:02.000,,,2025-02-01
